
{
	"length": 2, 
	"chain": [
			{
				"index": 0, 
				"transactions": [], 
				"timestamp": 1651177454.069026, 
				"previous_hash": "0", 
				"nonce": 0, 
				"hash": "df016d20969552319615933bd708cfb2adefe8f329e4f29114134cffd4509b35"}, 
			{
				"index": 1,
 				"transactions": [[0.005951858591288328, 0.002528209937736392, -0.0016629062592983246, -0.0016865723300725222, -0.008074020966887474, 0.006826113909482956, -0.001547589898109436, -0.004972842056304216, -0.000309118622681126, 0.0048900567926466465, -0.0004124455153942108, 0.007141427136957645, 2.6170164346694946e-05, -0.0038283064495772123, 0.0022981807123869658, 0.005529563874006271, -0.005910353269428015, -0.0054094563238322735, -0.005291022825986147, 0.0006317742518149316, -0.0005334370071068406, 0.005220452789217234, 0.008070948533713818, -0.006574320141226053, 0.005917795933783054, -0.0015515469713136554, -0.0024922348093241453, 0.00038768278318457305, -0.006124936975538731, 0.0035318159498274326, 0.004448924213647842, -0.004471597261726856, -0.007086542900651693, -0.007381577976047993, 0.004887636750936508, 0.007008116692304611, -0.0050257244147360325, 0.00648097787052393, 0.0063242861069738865, -0.0012117937440052629, -0.005054668057709932, -0.0029111646581441164, 0.0020498677622526884, 0.0028994956519454718, -0.005914812441915274, -0.004891849588602781, 0.00012296810746192932, -0.00350327230989933, -0.0005173534154891968, -0.0009381398558616638, 0.00031997711630538106, -0.002140616299584508, 0.007823350839316845, -0.004409192129969597, 0.003985894378274679, -0.005506147630512714, -0.00442535150796175, 0.0005700409528799355, 0.0007281698635779321, -0.0003116115985903889, -0.004908713977783918, 0.0010321065783500671, -0.0006870568031445146, 0.007761915680021048, -0.006541547365486622, 0.0037960850168019533, -0.007079312112182379, 0.002099564764648676, 0.00397054199129343, -0.0021002553403377533, 0.005715937353670597, 0.001259224838577211, 0.007983911782503128, 0.005989206489175558, -0.00452063325792551, 0.004816647619009018, 0.0005225866916589439, -0.0027011155616492033, -0.007088014390319586, -0.00028591082082130015, -0.007496141828596592, 0.0016397408908233047, -0.0012993983691558242, -0.007309676147997379, 0.0014974474906921387, -0.0067428783513605595, 9.317994408775121e-05, -0.0023009616415947676, -0.0013932101428508759, 0.004108110908418894, 0.004379552789032459, -0.003781799925491214, -0.00024947748170234263, -0.001207819557748735, -0.00136541947722435, -0.004810435231775045, -0.00630043912678957, 0.007281654514372349, 0.008066033944487572, 0.007425733841955662, -0.005745223257690668, -0.0058919102884829044, 0.0033529072534292936, -0.00025968029513023794, -0.006207325495779514, 0.0021869817283004522, 0.008097781799733639, -0.006919982377439737, 0.0005334005109034479, 0.004766740836203098, 0.0030933022499084473, -0.0010023623472079635, -0.006795352790504694, -0.00586730195209384, 0.00337698170915246, 0.0029151500202715397, -0.006063417531549931, 0.004568254109472036, 0.003224373562261462, 0.0012412116630002856, -0.005986928939819336, -0.0013990059960633516, 0.006900824140757322, 0.00490681454539299, 0.003920285496860743, 0.006239596754312515, -0.006382182240486145, 0.0038216852117329836]], 
 				"timestamp": 1651177457.4264069, 
 				"previous_hash": "df016d20969552319615933bd708cfb2adefe8f329e4f29114134cffd4509b35", 
				"nonce": 23879,
 				"hash": "000009f3d41f22a2ec2356817928c03b0e0457438d9c2670e4460916968b9de7"
 			}
 		]
}